Date,Open,High,Low,Close,Volume
2026-05-07 00:00:00+02:00,21.899999618530273,22.0,21.399999618530273,21.600000381469727,3357
2026-05-08 00:00:00+02:00,21.600000381469727,21.700000762939453,21.5,21.600000381469727,885
2026-05-11 00:00:00+02:00,21.700000762939453,21.700000762939453,21.5,21.700000762939453,464
2026-05-12 00:00:00+02:00,21.700000762939453,21.700000762939453,21.5,21.700000762939453,62
2026-05-13 00:00:00+02:00,21.700000762939453,21.799999237060547,21.399999618530273,21.799999237060547,2265
2026-05-14 00:00:00+02:00,21.799999237060547,21.799999237060547,21.399999618530273,21.700000762939453,2373
2026-05-15 00:00:00+02:00,21.600000381469727,21.700000762939453,21.399999618530273,21.399999618530273,913
2026-05-18 00:00:00+02:00,21.399999618530273,21.5,21.299999237060547,21.399999618530273,2474
2026-05-19 00:00:00+02:00,21.5,21.600000381469727,21.5,21.5,31999
2026-05-20 00:00:00+02:00,21.5,21.799999237060547,21.399999618530273,21.399999618530273,921
2026-05-21 00:00:00+02:00,21.299999237060547,21.600000381469727,21.299999237060547,21.600000381469727,1131
2026-05-22 00:00:00+02:00,21.5,21.700000762939453,21.5,21.5,1911
2026-05-25 00:00:00+02:00,21.5,21.700000762939453,21.299999237060547,21.700000762939453,2670
2026-05-26 00:00:00+02:00,21.700000762939453,21.700000762939453,21.299999237060547,21.5,2109
2026-05-27 00:00:00+02:00,21.5,21.5,21.5,21.5,492
2026-05-28 00:00:00+02:00,21.600000381469727,21.799999237060547,21.5,21.700000762939453,2935
2026-05-29 00:00:00+02:00,21.5,21.799999237060547,21.5,21.799999237060547,1423
2026-06-01 00:00:00+02:00,21.799999237060547,21.799999237060547,21.5,21.5,1641
2026-06-02 00:00:00+02:00,21.799999237060547,21.799999237060547,21.5,21.700000762939453,582
2026-06-03 00:00:00+02:00,21.799999237060547,21.799999237060547,21.5,21.700000762939453,1655
2026-06-05 00:00:00+02:00,21.700000762939453,21.700000762939453,21.399999618530273,21.600000381469727,153
2026-06-08 00:00:00+02:00,21.600000381469727,21.600000381469727,21.399999618530273,21.600000381469727,335
2026-06-09 00:00:00+02:00,21.399999618530273,21.5,21.200000762939453,21.5,2356
2026-06-10 00:00:00+02:00,21.5,21.5,21.100000381469727,21.200000762939453,2207
2026-06-11 00:00:00+02:00,21.299999237060547,21.299999237060547,21.200000762939453,21.299999237060547,170
2026-06-12 00:00:00+02:00,21.299999237060547,21.299999237060547,21.100000381469727,21.299999237060547,1064
2026-06-15 00:00:00+02:00,21.299999237060547,21.299999237060547,20.700000762939453,20.700000762939453,4576
2026-06-16 00:00:00+02:00,20.899999618530273,21.0,20.799999237060547,21.0,2350
2026-06-17 00:00:00+02:00,21.0,21.100000381469727,21.0,21.0,1645
2026-06-18 00:00:00+02:00,21.100000381469727,21.100000381469727,21.0,21.100000381469727,811
2026-06-19 00:00:00+02:00,21.100000381469727,21.200000762939453,21.0,21.200000762939453,780
2026-06-22 00:00:00+02:00,21.200000762939453,21.200000762939453,21.0,21.200000762939453,180
2026-06-23 00:00:00+02:00,21.299999237060547,21.299999237060547,21.100000381469727,21.299999237060547,707
2026-06-24 00:00:00+02:00,21.200000762939453,21.200000762939453,21.0,21.200000762939453,1619
2026-06-25 00:00:00+02:00,21.0,21.299999237060547,21.0,21.299999237060547,959
2026-06-26 00:00:00+02:00,21.299999237060547,21.299999237060547,21.0,21.0,8278
2026-06-29 00:00:00+02:00,20.899999618530273,21.200000762939453,20.899999618530273,21.100000381469727,11810
2026-06-30 00:00:00+02:00,21.100000381469727,21.299999237060547,21.0,21.0,8604
2026-07-01 00:00:00+02:00,21.200000762939453,21.399999618530273,21.0,21.399999618530273,7120
2026-07-02 00:00:00+02:00,21.200000762939453,21.600000381469727,21.200000762939453,21.399999618530273,5070
2026-07-03 00:00:00+02:00,21.600000381469727,21.799999237060547,21.5,21.600000381469727,11427
2026-07-06 00:00:00+02:00,21.700000762939453,21.899999618530273,21.5,21.700000762939453,4423
2026-07-07 00:00:00+02:00,21.799999237060547,21.899999618530273,21.700000762939453,21.899999618530273,3723
2026-07-08 00:00:00+02:00,21.899999618530273,21.899999618530273,21.5,21.5,4141
2026-07-09 00:00:00+02:00,21.5,21.899999618530273,21.5,21.700000762939453,1788
2026-07-10 00:00:00+02:00,21.899999618530273,22.100000381469727,21.700000762939453,22.0,3777
2026-07-13 00:00:00+02:00,22.0,23.0,21.700000762939453,22.399999618530273,9333
2026-07-14 00:00:00+02:00,22.399999618530273,22.600000381469727,22.0,22.100000381469727,9954
2026-07-15 00:00:00+02:00,22.100000381469727,22.5,21.700000762939453,21.799999237060547,5320
2026-07-16 00:00:00+02:00,21.700000762939453,22.200000762939453,21.600000381469727,21.899999618530273,2308
2026-07-17 00:00:00+02:00,22.100000381469727,22.100000381469727,21.700000762939453,22.0,346
2026-07-20 00:00:00+02:00,21.899999618530273,22.0,21.700000762939453,22.0,4744
2026-07-21 00:00:00+02:00,22.0,22.0,21.700000762939453,22.0,2155
2026-07-22 00:00:00+02:00,22.0,22.299999237060547,21.899999618530273,22.200000762939453,1021
2026-07-23 00:00:00+02:00,22.399999618530273,22.399999618530273,21.899999618530273,22.100000381469727,11161
2026-07-24 00:00:00+02:00,22.100000381469727,22.299999237060547,22.0,22.100000381469727,1726
2026-07-27 00:00:00+02:00,22.100000381469727,22.299999237060547,22.0,22.100000381469727,638
2026-07-28 00:00:00+02:00,22.100000381469727,22.100000381469727,21.899999618530273,22.0,967
2026-07-29 00:00:00+02:00,22.100000381469727,22.100000381469727,21.899999618530273,22.0,2100
2026-07-30 00:00:00+02:00,22.0,22.200000762939453,21.899999618530273,22.100000381469727,1313
2026-08-03 00:00:00+02:00,22.0,22.200000762939453,22.0,22.100000381469727,1785
2026-08-04 00:00:00+02:00,22.200000762939453,22.200000762939453,21.600000381469727,21.700000762939453,7384
2026-08-05 00:00:00+02:00,21.899999618530273,22.100000381469727,21.799999237060547,22.100000381469727,3307
2026-08-06 00:00:00+02:00,22.100000381469727,22.399999618530273,22.0,22.399999618530273,6889
2026-08-07 00:00:00+02:00,22.399999618530273,22.399999618530273,22.0,22.299999237060547,3563
